CARRIER,YEAR,MONTH,Delays,Total,Ratio,AvgDelay,WeatherDelayRatio,NasDelayRatio,SecurityDelayRatio,LateAircraftDelayRatio
WN,2013,12,63011,94903,0.66395161375299,31.3856152100427,0.0253284741461697,0.168321142526897,0.00307113298558834,0.803279250341345
AA,2012,9,25189,41825,0.602247459653317,39.5991901226726,0.0291586406771873,0.314508632724831,0.00119638786293672,0.655136338735045
AA,2012,10,24006,43135,0.556531818708705,28.4994168124636,0.0239393795680057,0.404959134957396,0.000479525322625691,0.570621960151973
B6,2013,12,11802,21235,0.55578055097716,37.0737163192679,0.0363085646181024,0.383107014531183,0.00460512628835989,0.575979294562354
WN,2014,6,56278,102043,0.551512597630411,35.3770567539714,0.054266755361881,0.15930601500711,0.000876941396589238,0.78555028823442
MQ,2014,12,16286,30484,0.534247474084766,33.6986982684514,0.0986190832709425,0.338382830047417,0.00305299059978371,0.559945096081857
MQ,2013,7,20707,39150,0.528914431673052,40.5853576085382,0.0733551302303369,0.301697219058815,0.000314095734910547,0.624633554975938
WN,2014,1,48406,91564,0.528657551002577,38.7175763335124,0.0393966119610841,0.163535538093146,0.00201356318000315,0.795054286765767
MQ,2013,6,19657,37701,0.521392005517095,48.3823574299232,0.147020210000144,0.281592668668036,0.000584610522989414,0.570802510808831
UA,2012,7,24976,48020,0.520116618075802,46.8687940422806,0.0488102241763686,0.314841621253406,0.00116371480472298,0.635184439765503
WN,2014,7,54825,105427,0.52002807629924,34.4599544003648,0.0588412826642213,0.150969621850372,0.0004820616030078,0.789707033882398
WN,2013,8,50149,96559,0.51936121956524,25.7427067339329,0.0505680680313976,0.201662930019685,0.00195013896419169,0.745818862984726
MQ,2014,6,17375,33509,0.518517413232266,37.1225323741007,0.116901129819317,0.387088407262496,0.00161999384534224,0.494390469072845
B6,2013,7,11447,22146,0.516887925584756,48.657290119682,0.0364708546075745,0.336409035287892,0.0048412413726433,0.62227886873189
WN,2013,6,50117,97405,0.514521841794569,30.9149390426402,0.0698923317665595,0.197576125832683,0.0019309587312345,0.730600583669523
WN,2014,3,52054,101382,0.513444201140242,26.7908133860991,0.0282766354622628,0.173040225760824,0.00097143608712005,0.797711702689794
AA,2014,6,23510,45825,0.51303873431533,42.0560187154402,0.0989042625834751,0.298218811846811,0.000376144346839809,0.602500781222874
B6,2015,2,10013,19751,0.506961672826692,44.637671027664,0.0697331420565834,0.344506448870986,0.00358139956794748,0.582179009504483
WN,2014,5,50820,100659,0.504872887670253,31.2630066902794,0.0535431783538418,0.166275731740742,0.000984790563706044,0.77919629934171
MQ,2014,10,15976,32010,0.499094033114652,35.4402228342514,0.0693082748338813,0.442603892064808,0.00154023873700424,0.486547594364306
MQ,2015,1,14823,29900,0.495752508361204,42.965526546583,0.119325776878305,0.335103161687143,0.00219338329373058,0.543377678140821
B6,2011,4,9013,18212,0.494893476828465,42.8323532675025,0.0326136524460239,0.490899155567437,0.0018594813894611,0.474627710597078
OO,2014,12,24386,49397,0.493673704880863,36.4937669154433,0.0342937262057025,0.30493790405607,0.00185447910758806,0.658913890630639
EV,2013,12,28926,58638,0.493297861455029,45.8834958169121,0.0425060622756453,0.331819961915107,0.000825883364173045,0.624848092445075
WN,2014,12,49749,100878,0.493160054719562,30.9493658163983,0.0299446154851916,0.18668626541665,0.00186623955283797,0.78150287954532
WN,2014,4,48662,99109,0.490994763341372,26.5020755414903,0.0292808743169399,0.173831693989071,0.00103169398907104,0.795855737704918
WN,2014,2,41467,84581,0.490263770823235,28.5708876938288,0.0411513231314573,0.195014137967012,0.00104070228914883,0.762793836612382
B6,2014,7,11067,22575,0.490232558139535,45.9267190747267,0.0764105721447733,0.395262544527024,0.00261390122696689,0.525712982101236
B6,2011,3,9003,18481,0.48714896380066,38.6946573364434,0.0235402456292978,0.441267387944359,0.00110597969439791,0.534086386731946
MQ,2015,2,13074,26940,0.485300668151448,45.2432308398348,0.143582942256682,0.340032646398694,0.00170940170940171,0.514675009635222
EV,2011,6,14031,29033,0.483277649571178,49.0285083030433,0.0663331832423407,0.205652802011219,0.00218335490891353,0.725830659837526
B6,2011,8,9428,19510,0.483239364428498,52.1722528638099,0.0609278042959427,0.35630369928401,0.00119331742243437,0.581575178997613
WN,2013,9,43414,89994,0.48240993844034,24.7406827290736,0.0552129342279439,0.197810187947385,0.00240559752198534,0.744571280302686
UA,2015,6,22194,46084,0.481598819546914,46.9585924123637,0.0627532441640231,0.290136451327278,0,0.647110304508699
MQ,2014,11,14045,29169,0.481504336795913,33.3569953720185,0.125303830357891,0.364435007465768,0.00142796387872241,0.508833198297619
B6,2011,1,8240,17121,0.481280299047953,38.4254854368932,0.0200344881642891,0.387469300308303,0.0032920520457752,0.589204159481632
B6,2014,1,9703,20219,0.479895148127998,57.3606101205813,0.150969255154086,0.23984712538337,0.00251541142158351,0.60666820804096
UA,2012,6,22439,46770,0.479773358990806,38.2500557065823,0.0333629625165723,0.32273901711462,0.00184742979390141,0.642050590574907
B6,2011,2,7646,15982,0.478413214866725,37.706120847502,0.0139460876076376,0.426371484572863,0.00168476226132535,0.557997665558174
B6,2012,12,9494,19888,0.477373290426388,41.9266905413946,0.0148716940083731,0.328582151558818,0.00216753434939851,0.65437862008341
WN,2013,10,45020,94475,0.476528182058746,20.8113949355842,0.0331208413161334,0.21073867106997,0.00256476716808016,0.753575720445816
AA,2014,12,21520,45390,0.474113240801939,33.744563197026,0.0165760856734079,0.30688777557949,0.00118518658425449,0.675350952162848
UA,2014,6,20332,42886,0.474094109965956,39.7188176273854,0.0744549652121262,0.37300847315966,1.3001340995457E-05,0.552523560287218
OO,2013,12,23649,49886,0.474060858757968,34.6319083259334,0.065754571849141,0.271058912938416,0.00104957924599998,0.662136935966443
WN,2013,7,47462,100309,0.473157941959346,26.8453921031562,0.0650303474142248,0.217748332750471,0.00278555265681528,0.714435767178489
WN,2011,1,44160,93373,0.472941856853694,24.8333786231884,0.0369145551854486,0.165021146000973,0.00734608331150118,0.790718215502077
AA,2014,7,22440,47450,0.472918861959958,35.7511586452763,0.0870954777716112,0.316760760147743,0.000629628920827512,0.595514133159819
AA,2013,6,21382,45263,0.472394671144202,42.9802170049574,0.0886817804080555,0.275090286353363,0.00052346668530643,0.635704466553275
US,2013,6,16487,34930,0.472001145147438,34.4932370958937,0.0795837286067678,0.497155323719249,0.00460886670475078,0.418652080969232
US,2013,7,16935,35882,0.471963658658938,29.9808680248007,0.0521289246498124,0.529072910070887,0.00417290852650924,0.414625256752792
B6,2014,2,8707,18485,0.471030565323235,39.5278511542437,0.0552814179654497,0.384826259684697,0.00421093314638049,0.555681389203473
US,2011,6,16165,34425,0.46957153231663,31.4340241261986,0.0734215715335146,0.448887141881355,0.00595736728828632,0.471733919296844
MQ,2013,12,16039,34195,0.469045182044159,44.0710144023942,0.183280307760177,0.312216568653474,0.000200014206616545,0.504303109379732
UA,2014,12,18890,40439,0.467123321546032,34.9989412387507,0.0215655397814815,0.459230987603697,0.000121318293100143,0.519082154321722
EV,2011,4,12601,27125,0.464552995391705,41.1804618681057,0.0678704916615155,0.226726067892911,0.000608531613217307,0.704794908832356
AA,2014,8,21443,46166,0.464476021314387,36.3817096488364,0.109017416514038,0.303029882110619,0.000404804473486299,0.587547896901857
B6,2013,2,8248,17767,0.464231440310688,35.3785160038797,0.0145322741823479,0.378996516545,0.00153001021888744,0.604941199053765
MQ,2014,8,15354,33241,0.461899461508378,33.7895662368113,0.0909425347053159,0.413750662728168,0.00102790491338549,0.494278897653131
WN,2012,12,42619,92448,0.461005105572863,28.7840399821676,0.0502356381502534,0.178080255732919,0.00590508690602226,0.765779019210805
US,2011,5,16178,35164,0.460072801729041,28.94140190382,0.0357012551702033,0.526029181599021,0.00611388257117235,0.432155680659604
EV,2011,7,13811,30020,0.460059960026649,47.4146694663674,0.0477971422658975,0.203476018149791,0.00036844682000111,0.74835839276431
B6,2013,4,9196,20036,0.458973847075265,38.4663984341018,0.0197523610011156,0.44730432857301,0.00358940295838336,0.529353907467491
MQ,2013,4,17050,37211,0.458197844723335,45.1767741935484,0.145766105796934,0.332779906649764,0.000430376282125158,0.521023611271177
UA,2014,2,16559,36379,0.455180186371258,36.7279425086056,0.0808642271098546,0.401139915131961,0,0.517995857758185
EV,2014,6,27024,59381,0.455095064077735,47.3837329780935,0.0473916790477003,0.354202668916948,0.000501600183134563,0.597904051852218
MQ,2013,5,17432,38335,0.454728055301943,41.0173818265259,0.125473565835235,0.336622490125649,0.000287039385342511,0.537616904653773
B6,2013,8,9994,21992,0.454437977446344,38.782469481689,0.0168356387143402,0.345851317981972,0.00647648109855253,0.630836562205135
B6,2013,3,9471,20842,0.454418961711928,40.2656530461408,0.0314525108339541,0.351188330569774,0.00365270468363252,0.613706453912639
EV,2013,6,29925,66069,0.452935567361395,51.3092731829574,0.0526892919286947,0.316820754785095,0.000570384757008874,0.629919568529202
WN,2015,6,49663,109776,0.452403075353447,34.5463826188511,0.0853798295054443,0.165843281610576,0.00102175227754106,0.747755136606438
WN,2014,8,44940,99384,0.452185462448684,30.4406987093903,0.0576185242144279,0.177758328744022,0.00154589349902082,0.76307725354253
WN,2015,7,51303,113650,0.451412230532336,34.5733387911038,0.0502741371941025,0.174269106445274,0.000906623087907333,0.774550133272716
MQ,2011,4,16942,37599,0.450597090348148,37.7522134340692,0.0948399052246305,0.430425843805028,0.00023739939336388,0.474496851576977
UA,2013,12,18660,41423,0.450474374139971,32.9256162915327,0.0662410125928898,0.380305831329898,0,0.553453156077212
UA,2012,8,21411,47763,0.448275862068966,38.9921068609593,0.0328284471150908,0.32111433770402,0.00688624584272232,0.639170969338167
B6,2013,6,9244,20643,0.447803129390108,50.1429035049762,0.0326615374545541,0.41433561232201,0.00239799591805161,0.550604854305385
MQ,2014,1,15370,34382,0.447036239892967,47.2379310344828,0.177642675480323,0.334778060363942,0.000178142991968404,0.487401121163766
EV,2011,3,13030,29158,0.44687564304822,37.5250959324635,0.0389316386121608,0.208392305049811,0.00106149089659911,0.751614565441429
EV,2014,2,23855,53434,0.446438597147883,46.2415426535318,0.0448723521606711,0.296880099535813,0.000410456961164786,0.657837091342351
OO,2011,7,23686,53082,0.446215289552014,31.9205860001689,0.032059891651785,0.2827145579783,0.00047458619085493,0.68475096417906
AA,2013,4,19751,44265,0.446199028577883,40.7039643562351,0.0528870484959428,0.348859610670349,0.000161797380763797,0.598091543452944
WN,2011,5,44578,99942,0.44603870244742,30.5054735519763,0.0676826241811706,0.16801697383564,0.00289406079382135,0.761406341189368
WN,2012,7,45611,102302,0.445846611014447,28.5597991712526,0.0653265609621174,0.184411811896671,0.00265099538051482,0.747610631760697
OO,2012,12,23215,52123,0.445388791896092,33.8715485677364,0.0288466265556871,0.282147084516683,0.00240514610506253,0.686601142822567
EV,2013,7,29794,67011,0.444613570906269,46.5109753641673,0.0521592734302547,0.337022644440708,0.000541584956110987,0.610276497172927
OO,2011,1,22129,49796,0.444393123945698,33.8698540376881,0.0402312239451639,0.306386879632102,0.00114778596632782,0.652234110456406
WN,2011,2,37802,85277,0.443284824747587,26.8899264589175,0.036821173268477,0.186379560590104,0.00509355791658997,0.771705708224829
AA,2012,8,19775,44634,0.4430479007035,33.3745638432364,0.0833972908342937,0.344037885873495,0.00266277081168855,0.569902052480523
MQ,2014,5,15476,34962,0.442652022195527,33.919617472215,0.118134243587063,0.393968250380057,0.00209384731021153,0.485803658722668
WN,2013,4,43024,97198,0.442642852733595,25.2331256972852,0.0610273708318293,0.22720791515056,0.00429696197734933,0.707467752040262
DL,2013,7,30469,69175,0.440462594868088,40.3007318914306,0.0723129761390422,0.425354523628528,0.000168169711951261,0.502164330520478
AA,2013,7,20790,47225,0.440232927474854,34.6761904761905,0.0695964282587761,0.316885274254126,0.000104624175017028,0.613413673312081
AA,2011,4,19790,45130,0.43851096831376,37.9390096008085,0.1050668646394,0.425604907639859,0.000117220697267781,0.469211007023473
AA,2014,10,19782,45113,0.438498880588744,34.5836113638661,0.0583637184275271,0.414232171619732,0.00241826999663699,0.524985839956104
WN,2011,4,42939,98224,0.437153852418961,30.6906541838422,0.0410407133720107,0.15886154853358,0.0044469672171109,0.795650770877298
MQ,2011,5,17096,39142,0.436768688365439,41.9182849789424,0.155421813330479,0.406739577324349,4.16292499003872E-05,0.437796980095271
EV,2012,7,29532,67619,0.436741152634615,51.9635988080726,0.053403759235988,0.290089878141383,0.000349069180729851,0.656157293441899
EV,2015,6,21445,49119,0.436592764510678,43.0127768710655,0.0394696083155504,0.378736146485854,0,0.581794245198596
UA,2013,6,19008,43550,0.43646383467279,45.7861426767677,0.0497414901323986,0.371881255435473,0.000504972993846261,0.577872281438282
OO,2015,1,20980,48114,0.436047719998337,37.8410390848427,0.0593751330348193,0.264136521782879,0.00129841983660422,0.675189925345697
EV,2013,2,23570,54106,0.435626363065094,40.3421722528638,0.021943880901277,0.323728597610577,0.000824896520406797,0.653502624967739
WN,2013,5,43008,98821,0.435211139332733,26.0630812872024,0.0685169336771127,0.217956020953824,0.00273097448364959,0.710796070885414
OO,2014,2,19814,45555,0.434946767643508,34.987836883012,0.0431022894349926,0.306257088846881,0.000945179584120983,0.649695442134006
AS,2013,8,6318,14544,0.434405940594059,18.5155112377335,0.055806817637,0.464785130967031,0.00771898422642354,0.471689067169546
MQ,2014,7,14771,34024,0.434134728426993,27.8121318800352,0.0793407151366024,0.387677465971449,0.0020075380319097,0.530974280860039
US,2011,7,15220,35196,0.432435504034549,31.8024310118265,0.0616808901008265,0.482990792640846,0.00295578111060614,0.452372536147722
WN,2012,6,42641,98766,0.431737642508556,25.4597922187566,0.0490401251355994,0.182898646925235,0.00301468622371369,0.765046541715452
MQ,2014,3,14965,34669,0.431653638697395,30.1027731373204,0.101457845452927,0.397226767373022,5.03979760172831E-05,0.501264989198034
MQ,2013,8,16671,38711,0.430652786029811,33.5153859996401,0.105125060762738,0.306600490521013,0.000276194263997525,0.587998254452252
WN,2013,11,38565,89614,0.430345704912179,23.5127706469597,0.0409502923707861,0.186536421808048,0.00246690722994995,0.770046378591216
B6,2011,7,8403,19549,0.429842958719116,39.4599547780555,0.0432931335240269,0.405553907793468,0.00167401456845111,0.549478944114054
US,2011,4,14526,33942,0.427965352660421,26.7556794712929,0.0443258623955634,0.56304082348247,0.00377644417754527,0.388856869944421
EV,2011,5,12099,28295,0.427602049832126,38.6998925531036,0.0593484664702825,0.222935799688096,0.000913331022930746,0.716802402818691
MQ,2015,3,12031,28146,0.42744972642649,37.1544343778572,0.109173524125392,0.328243690964147,0.00405363593065015,0.558529148979812
EV,2014,1,24971,58508,0.426796335543857,50.5164791157743,0.0720150268159462,0.312209287956304,0.000240972788611255,0.615534712439139
EV,2015,2,19248,45138,0.426425628073907,35.7188279301746,0.0528116073669491,0.368103644034373,0,0.579084748598678
AA,2013,12,19487,45737,0.42606642324595,32.4963308872582,0.130791557853489,0.286559346142557,0.000546888131273221,0.58210220787268
B6,2011,6,7792,18294,0.425931999562698,43.9627823408624,0.047544105527334,0.418654461304937,0.000987107077837118,0.532814326089892
OO,2011,6,21575,50852,0.424270431841422,27.5642641946698,0.0266190444100007,0.28179900159144,0.00102640132291726,0.690555552675642
AS,2013,7,6262,14762,0.424197263243463,19.082880868732,0.0590471060034716,0.442583946848626,0.0091877656072305,0.489181181540672
AA,2012,12,18955,44742,0.423651155513835,32.6441044579267,0.0785726817549968,0.325276326976801,0.000661295329095645,0.595489695939107
OO,2011,3,21307,50297,0.423623675368312,29.3757450603088,0.0226648495649439,0.334076481345587,0.00159112881620482,0.641667540273264
UA,2015,2,15341,36235,0.423375189733683,33.6828107685288,0.12035417152632,0.384213902495918,0,0.495431925977762
OO,2014,6,22502,53173,0.423184699001373,34.8345480401742,0.0375687522901274,0.279235596673911,0.00139782590572721,0.681797825130234
OO,2015,2,18608,43989,0.423014844620246,36.0690025795357,0.0840791791712037,0.278443948689347,0.000987083809169699,0.636489788330279
OO,2014,11,20070,47513,0.422410708648159,33.2279023418037,0.0339321674495479,0.318995520663296,0.00169592727718535,0.645376384609971
MQ,2013,2,14203,33627,0.422368929729087,38.3236640146448,0.146777259282198,0.3473469518511,0.0001414887823422,0.505734300084359
B6,2011,10,7372,17460,0.422222222222222,34.5937330439501,0.0414345750236236,0.470377231809818,0.00247426269458398,0.485713930471975
MQ,2014,2,13024,30938,0.420970974206477,37.3098126535627,0.115096927103854,0.386324833313481,0.000137441930784244,0.498440797651881
WN,2011,3,42036,99857,0.420961975625144,26.4990722238082,0.0422238085894829,0.176889690421821,0.00325483598493229,0.777631665003764
UA,2013,7,18784,44777,0.419501083145365,41.2365310902896,0.0443107334119058,0.41676300252071,0.00025752218544229,0.538668741881942
DL,2014,1,24751,59030,0.4192952735897,45.0553108965294,0.233105386611067,0.312323042659306,0.000205833224740265,0.454365737504887
B6,2012,8,8688,20730,0.419102749638205,46.6956721915285,0.0581672829169429,0.320352742407385,0.00246125490284224,0.61901871977283
MQ,2011,2,14017,33523,0.418130835545745,40.2242990654206,0.160861809624162,0.343936808912201,0.000137214341746557,0.49506416712189
WN,2012,8,41132,98395,0.418029371411149,27.210809102402,0.0623126194332211,0.190262374822777,0.00323205209389903,0.744192953650103
UA,2012,3,19315,46254,0.41758550611839,29.1862800931918,0.0298761812829955,0.433758773968277,0,0.536365044748728
OO,2011,4,19657,47102,0.417328351237739,23.7598819758865,0.0249993438492428,0.385085037138133,0.00115810608645442,0.58875751292617
UA,2014,1,16365,39225,0.417208413001912,39.4078826764436,0.143631920390591,0.299692455848775,0,0.556675623760633
DL,2013,6,27611,66227,0.416914551466924,40.0338270978958,0.0949226196030339,0.433933033261203,0.000864966060449871,0.470279381075313
UA,2014,7,18327,43996,0.416560596417856,37.9011294810935,0.0768544106680704,0.350640435144975,0.000164495328332675,0.572340658858622
OO,2011,2,18737,45017,0.416220538907524,32.0686342530821,0.0374317156583536,0.336815744632785,0.000872405315183457,0.624880134393678
US,2015,2,12547,30153,0.416111166384771,31.2062644456842,0.0909580357336691,0.454486247096368,0.00389900788051147,0.450656709289451
US,2011,8,14338,34490,0.415714699913018,32.9558515832055,0.0753535658563591,0.478051235593135,0.00498934688878823,0.441605851661718
DL,2011,3,26036,62641,0.415638319950192,28.0723997541865,0.0452110152135752,0.444679362931539,0.000605708747805734,0.50950391310708
MQ,2014,9,12991,31269,0.415459400684384,29.2312370102379,0.0502082797220793,0.431102837107566,0.00186969248584663,0.516819190684508
EV,2013,1,24061,57934,0.415317430179169,41.9421886039649,0.0346330812180489,0.325494960499559,0.000455980304099079,0.639415977978294
OO,2014,8,23006,55421,0.415113404666101,32.1620881509172,0.0325706193634941,0.292818811954982,0.00175564996314791,0.672854918718376
AA,2012,7,18556,44752,0.414640686449768,35.4609829704678,0.11223218470394,0.390143031090951,0.000325017134055437,0.497299767071054
AA,2012,11,17381,41960,0.414227836034318,26.0560382026351,0.0219431362288505,0.35380254665969,0.000806732949590093,0.62344758416187
US,2014,12,14146,34175,0.413928310168252,21.3873179697441,0.011182297601036,0.603358425014476,0.00605811557116262,0.379401161813325
US,2013,12,14123,34139,0.413691086440728,25.0232953338526,0.0387081844128462,0.548347946825744,0.00426319714072665,0.408680671620683
UA,2015,7,19220,46478,0.413528981453591,43.4520291363163,0.0465190362190131,0.273679434705383,0,0.679801529075604
B6,2011,5,7408,17929,0.413185342183055,36.3107451403888,0.0191297012614393,0.548357021160879,0.00110993334850242,0.431403344229179
EV,2015,1,20612,49925,0.4128592889334,35.1865903357268,0.0438281973057279,0.375543596247672,0,0.5806282064466
AS,2014,7,6192,15009,0.412552468518889,20.7122093023256,0.0554218156529182,0.390681003584229,0.00704809286898839,0.546849087893864
EV,2013,4,26552,64366,0.412515924556443,45.5296399517927,0.0329681247804431,0.330217055235477,0.000376129719807015,0.636438690264272
B6,2015,3,9315,22590,0.412350597609562,44.4002147074611,0.0359780236963119,0.405268058309701,0.00159562748317306,0.557158290510814
DL,2013,12,24976,60623,0.411988849116672,29.4464686098655,0.119872083666449,0.420564008947893,7.03123168950081E-05,0.459493595068763
AS,2014,8,6220,15134,0.410995110347562,20.7101286173633,0.0621237263264718,0.398373537761077,0.0101893882252911,0.52931334768716
WN,2013,3,40713,99142,0.410653406225414,24.259695920222,0.0598662665494349,0.217566930438218,0.00312989793187813,0.71943690508047
OO,2014,7,22778,55556,0.41000071999424,30.9285275265607,0.0306732459352571,0.274184762706899,0.00178747985938187,0.693354511498462
EV,2014,12,21349,52156,0.409329703198098,34.6078036441988,0.0200099270605885,0.380146323982755,0,0.599843748956657
MQ,2014,4,13930,34044,0.4091763600047,31.8071787508973,0.11762919454688,0.378818268284136,0.000830983330274158,0.502721553838709
WN,2011,6,41156,100596,0.409121635055072,26.8937214500923,0.0618430914092402,0.161742195770665,0.00420973594603809,0.772204976874057
EV,2014,10,23117,56533,0.408911609148639,38.5577713371112,0.0212118573309224,0.400498238748222,0,0.578289903920856
EV,2013,3,26856,65803,0.408127289029376,42.1153559725946,0.0270130605502116,0.310095641764624,0.00072841119774165,0.662162886487423
OO,2014,1,20601,50484,0.408069883527454,33.2388718994224,0.0609022457989425,0.277008044392483,0.00162720086551381,0.660462508943061
UA,2014,10,17681,43335,0.408007384331372,32.3887223573327,0.0323852769177847,0.453099415204678,4.12796697626419E-05,0.514474028207774
EV,2012,12,24432,59885,0.407981965433748,44.1301162409954,0.0341215465342134,0.304112062574805,0.000570141955683542,0.661196248935298
AS,2014,12,5551,13611,0.407831900668577,27.0884525310755,0.0266628950980084,0.445705126190401,0.00377156865826445,0.523860410053326
AA,2015,1,17957,44059,0.407567125899362,33.9864676727738,0.07055786768552,0.285585954379023,0.00180800982465716,0.6420481681108
DL,2011,4,24625,60496,0.407051705897911,29.8223350253807,0.0667351241999574,0.444870841259706,0.00069115778803178,0.487702876752304
B6,2015,8,9685,23826,0.40648870981281,41.2281879194631,0.0656694609515632,0.322050749034051,0.0148526410134743,0.597427149000911
AA,2015,3,18683,45966,0.406452595396598,33.6061660332923,0.0529067546099861,0.312691933134733,0.00118355774009417,0.633217754515186
AA,2013,5,18576,45703,0.406450342428287,37.9222652885444,0.0869687774627336,0.345495697159628,0.000443549055696496,0.567091976321942
AA,2014,11,17275,42541,0.406078841588115,32.7580897250362,0.0590085600375234,0.28453037054409,0.00124003283302064,0.655221036585366
EV,2014,3,25166,62014,0.40581159093108,39.641222284034,0.0305812779689847,0.328881081639628,0.000718549547329682,0.639819090844057
AA,2011,5,18701,46088,0.405767227911821,42.1344847869098,0.151029787201878,0.36840285192191,0.000226762940132694,0.480340597936079
US,2014,6,14180,34954,0.405676031355496,28.8935825105783,0.081521029739323,0.486279826692548,0.00867379377423715,0.423525349793892
US,2013,8,14321,35337,0.405269264510287,24.2423713427833,0.0292550762580292,0.529016611363106,0.00565212538179752,0.436076186997067
US,2014,7,14592,36009,0.405232025327002,32.1476151315789,0.103120931121667,0.469640081224279,0.00506389378807388,0.42217509386598
AS,2014,6,5724,14171,0.403923505751182,19.1423829489867,0.0269978771485311,0.4537595014723,0.00614599739779498,0.513096623981374
MQ,2011,7,15861,39286,0.40373160922466,29.9820944454952,0.0957162462311386,0.400079398488006,0.000164272733806302,0.504040082547049
OO,2015,6,20293,50307,0.403383226986304,34.5025378209235,0.0603544299068039,0.282623874163139,0.00266674761872515,0.654354948311332
MQ,2011,6,15479,38383,0.403277492639971,33.7556689708638,0.146659091382321,0.390337348035731,4.46188214087054E-05,0.46295894176054
OO,2012,10,20948,52028,0.402629353425079,27.7640824899752,0.0169699869442062,0.313552830155066,0.000921286033863624,0.668555896866864
UA,2014,8,17241,42833,0.402516751103121,35,0.0666028845219153,0.365906567684964,0,0.567490547793121
OO,2013,6,21788,54378,0.40067674427158,33.6072149807233,0.0387912732272479,0.292043593424591,0.00101097923448652,0.668154154113675
OO,2013,7,22462,56077,0.400556377837616,33.7640014246283,0.0245490604168552,0.30008785026996,0.000639082435978644,0.674724006877206
MQ,2012,12,14735,36804,0.400364090859689,41.9467254835426,0.217834822581478,0.271788177733119,0.000474242972047838,0.509902756713355
UA,2015,1,15351,38395,0.399817684594348,34.7882222656504,0.105254620573839,0.362600943357219,0.000101778256983738,0.532042657811958
B6,2015,1,8643,21623,0.399713268279147,34.7731111882448,0.0470228380908517,0.40439740881284,0.00572704426444527,0.542852708831863
UA,2012,5,18069,45224,0.399544489651512,32.8703304001328,0.0474823641224939,0.440532339952534,0.00175607731109879,0.510229218613873
MQ,2015,6,10151,25407,0.399535561065848,39.1457984435031,0.12571550427619,0.357329382627369,0.00265999236795439,0.514295120728486
EV,2014,9,21960,54964,0.399534240593843,37.6017759562842,0.0254713550355977,0.395518331202597,0,0.579010313761805
WN,2014,10,39647,99257,0.399437823025076,24.9056170706485,0.0312350884073602,0.224660914468739,0.000449390463117299,0.743654606660784
AA,2011,6,18258,45759,0.399003474726283,32.9620988060028,0.104723912379857,0.376801586196064,0.0015085459573043,0.516965955466775
AS,2015,8,6414,16095,0.398508853681267,22.7014343623324,0.0497258225324028,0.484636998096619,0.0144906190519351,0.451146560319043
AA,2011,2,16637,41813,0.397890608184058,33.0037266334075,0.152200166492748,0.381983608671693,0.00155647269870675,0.464259752136852
OO,2013,1,20588,51762,0.39774351841119,29.7073052263454,0.0564493939075578,0.296632597417541,0.00184104018770605,0.645076968487195
B6,2014,8,8884,22339,0.397690138323112,30.6377757766772,0.0480450392423483,0.390699921276748,0.00919034328108972,0.552064696199814
EV,2014,8,23493,59147,0.397196814715877,40.4474098667688,0.0329175001791916,0.355020949129129,0,0.61206155069168
US,2015,4,12877,32496,0.39626415558838,23.6152054049856,0.0303279718522242,0.541159839155567,0.00336768032168887,0.42514450867052
EV,2013,5,25651,64741,0.396209511746807,40.8319363767494,0.0325515001067468,0.351183075675819,0.000553967144306348,0.615711457073128
US,2013,4,13607,34433,0.395173234978073,24.9922833835526,0.0222086608406972,0.591656495630523,0.00479910169408778,0.381335741834692
US,2015,6,13550,34300,0.395043731778426,31.5428044280443,0.0743941122240105,0.49563260777849,0.00657843336406394,0.423394846633436
EV,2014,7,24170,61210,0.394870119261559,39.8320645428217,0.0408455302512259,0.354107211598591,0,0.605047258150183
OO,2014,3,20860,52847,0.394724393059209,28.8253595397891,0.0319095365942114,0.281424892569487,0.000967983489489161,0.685697587346812
UA,2015,5,17492,44411,0.393866384454302,37.693574205351,0.0873961110058811,0.334768568353068,0.000836193793686506,0.576999126847365
OO,2012,7,21774,55367,0.393266747340474,30.4114540277395,0.0242372404188972,0.278218934618765,0.000885417897906159,0.696658407064431
B6,2013,1,7584,19291,0.39313669586854,32.3157964135021,0.0209557939820379,0.39584380394642,0.00244739199790224,0.58075301007364
AA,2014,1,17848,45401,0.393119094293077,32.860824742268,0.145076219122522,0.261877373415474,0.000173257554455417,0.592873149907549
OO,2011,8,20973,53431,0.392524938705995,27.7220712344443,0.0229446148444197,0.272133924053247,0.00274189051027047,0.702179570592062
US,2014,1,13645,34763,0.392515030348359,26.8080615610114,0.0623151156587944,0.482479026235391,0.0032297172785025,0.451976140827312
UA,2011,6,10872,27742,0.391896763030784,45.1840507726269,0.0368069973422661,0.337407168321208,0.000162837087309757,0.625622997249216
OO,2013,8,21698,55378,0.391816244718119,32.7986450364089,0.0311149842890809,0.286497201492537,0.0010208006022519,0.68136701361613
B6,2011,9,6630,16938,0.391427559334042,35.6601809954751,0.0187943876667244,0.503844155151967,0.00171221468640488,0.475649242494903
EV,2012,3,23968,61273,0.391167398364696,44.0003337783712,0.0860858056475998,0.178323817620331,0.000296259085010256,0.735294117647059
EV,2012,8,26682,68301,0.390653138314227,43.59654448692,0.030910043743424,0.289395015108793,0.000664167170742156,0.679030773977041
B6,2012,7,8119,20821,0.38994284616493,47.2565586894938,0.0808795753984455,0.357828304989679,0.00208332538413696,0.559208794227739
EV,2015,3,21128,54190,0.389887433105739,32.7646724725483,0.0388001552497507,0.335000466731845,0,0.626199378018404
WN,2014,9,36915,94721,0.389723503763685,27.1072463768116,0.0529624321786064,0.233407847066985,0.00255790283430107,0.711071817920107
UA,2011,7,11312,29056,0.38931718061674,44.1585926449788,0.0383583990703703,0.284257748776509,0,0.677383852153121
MQ,2013,1,14671,37693,0.389223463242512,37.5600845204826,0.181778490891428,0.328465241167032,0.000185555082572012,0.489570712858967
UA,2013,4,16122,41430,0.38913830557567,39.5403175784642,0.0434764478442474,0.457683032208294,0.00129037040812308,0.497550149539335
AA,2011,11,16129,41465,0.38897865669842,25.5371690743381,0.0428586557632184,0.520892904010056,9.20899350305508E-06,0.436239231233222
US,2015,3,13403,34516,0.388312666589408,26.438558531672,0.0501397289640916,0.501215450578057,0.00597197764336575,0.442672842814486
US,2013,5,13742,35397,0.388224990818431,23.845510114976,0.0395425911402333,0.582629594960407,0.00301060034912844,0.374817213550232
AA,2011,8,18163,46911,0.387179979109377,34.2719815008534,0.112454621378498,0.354623909296185,0.00125415121239304,0.531667318112924
OO,2014,10,19728,51019,0.386679472353437,29.0766423357664,0.0190327070285317,0.359622075906001,0.000992987527434291,0.620352229538033
WN,2014,11,36922,95628,0.386100305349898,25.9705324738638,0.0334781809340694,0.198290007921085,0.00181102456910846,0.766420786575737
AA,2014,2,15823,41036,0.385588263963349,35.2681539531062,0.0947807473341768,0.357669324959335,0.000155318091451292,0.547394609615037
AA,2014,9,16674,43271,0.385338910586767,28.6228259565791,0.0223251320888286,0.424498283674816,0.00213111913250915,0.551045465103846
AA,2011,7,18190,47249,0.384981692734238,33.297526113249,0.0994781190703865,0.340052937491195,0.000167865204240994,0.560301078234178
OO,2014,5,20016,52077,0.384353937438793,30.705035971223,0.0354481140997995,0.305625543827791,0.00147542844172058,0.657450913630689
UA,2014,5,16289,42428,0.383920995568964,39.2774878752532,0.0513264840182648,0.438426940639269,3.19634703196347E-05,0.510214611872146
B6,2014,3,8237,21478,0.383508706583481,30.7956780381207,0.0276332433525032,0.411003742680907,0.00209303235397676,0.559269981612613
OO,2015,7,20178,52627,0.383415357136071,33.4450887104768,0.0402905050179432,0.279914479266911,0.00248882399510768,0.677306191720038
DL,2011,6,24544,64043,0.383242508939306,34.9338738591917,0.111226138199358,0.400038300228285,0.000358353621078019,0.488377207951279
WN,2015,5,41249,107702,0.382991959295092,31.7264418531358,0.0838833147883725,0.177848959651578,0.000895411196699156,0.737372314363351
US,2014,2,12131,31685,0.38286255325864,29.3613881790454,0.0810098843715032,0.497757366654233,0.00437803058560239,0.416854718388661
AA,2015,2,15251,39835,0.382854273879754,36.0196708412563,0.152908400521397,0.370048888451408,0.0015242220054705,0.475518489021724
MQ,2011,8,15062,39360,0.382672764227642,30.1636568848758,0.112624215139502,0.407750427427001,0.00031730388753257,0.479308053545964
UA,2014,3,16214,42492,0.381577708745176,31.1175527322067,0.0468155724518653,0.374944541344216,0,0.578239886203919
EV,2014,5,22698,59521,0.381344399455654,46.4371310247599,0.0343121919047579,0.380294869518406,0.00133455091727475,0.584058387659561
AA,2014,5,17386,45664,0.380737561317449,36.6808351547222,0.136691972464995,0.341386700343948,0.000502289002741063,0.521419038188315
AA,2015,6,16886,44360,0.380658250676285,42.1886177898851,0.0820582795795931,0.307857819477649,0.00136451802065948,0.608719382922098
AA,2014,3,17612,46270,0.380635400907716,30.2496593231887,0.0670354620604875,0.34519687903762,0.00112269346078099,0.586644965441112
B6,2012,3,7498,19733,0.379972634672883,29.9163777007202,0.0103466373428636,0.366131007422588,0.00112463449378952,0.622397720740759
DL,2011,1,22578,59428,0.379921922326176,27.7047568429445,0.0764265712808804,0.433031382771403,0.0002156131568254,0.490326432790891
US,2015,1,12702,33489,0.379288721669802,26.0408597071327,0.0411391051415861,0.519569680896569,0.00540572332962614,0.433885490632218
OO,2015,8,19958,52730,0.378494215816423,30.9008918729332,0.0486230798554623,0.292782780041772,0.00394632991318074,0.654647810189585
AA,2012,6,16477,43545,0.378390171087381,33.3992838502155,0.147820969360929,0.343351178241958,0.00190000477988624,0.506927847617227
MQ,2013,10,13984,36973,0.378221945744192,25.5508438215103,0.060770045594805,0.360825312025054,0.00111453967669138,0.577290102703449
WN,2015,1,37826,100042,0.378101197497051,27.2041452968857,0.0444372313221917,0.207042822195657,0.00130786221529059,0.747212084266861
B6,2014,4,7930,20974,0.378087155525889,34.0465321563682,0.0233224380990305,0.484848987628102,0.00272104328781669,0.489107530985051
US,2011,9,12190,32245,0.378043107458521,25.8676784249385,0.0434371561268191,0.563443148883849,0.00380230101205267,0.389317393977279
AA,2013,2,15395,40792,0.377402431849382,29.6404676843131,0.0820390863795858,0.330596508633582,0.000182373924905713,0.587182031061927
US,2013,3,13664,36210,0.377354322010494,23.6247072599532,0.0322647450840869,0.523840120647631,0.0058624553279842,0.438032678940298
UA,2015,3,16434,43603,0.376900671972112,35.0301813313862,0.0892295137630647,0.356053494337555,0,0.55471699189938
AA,2012,5,16959,45129,0.375789403709366,34.9723450675158,0.137476256313876,0.32309228734816,0.000622291588775666,0.538809164749189
B6,2015,7,9013,24029,0.37508843480794,37.6658160434927,0.0410772831651277,0.385269873856814,0.00213262068996031,0.571520222288099
AA,2013,10,16947,45219,0.374776089696809,25.496312031628,0.0350710503735638,0.321725299792813,0,0.643203649833623
UA,2012,4,16513,44098,0.374461426822078,26.8119057712106,0.0199765120375807,0.412002348796242,0.00305343511450382,0.564967704051674
AS,2012,12,4514,12055,0.37445043550394,23.3655294638901,0.0367680650293798,0.466815797350305,0.00132327226326817,0.495092865357047
UA,2012,12,15704,41968,0.374189858940145,33.9467651553744,0.0319905027213598,0.408395544067813,0.00106467508566081,0.558549278125167
OO,2012,6,19815,52968,0.374093792478478,27.5576078728236,0.0229351582085507,0.305375815886352,0.000787654990175486,0.670901370914922
EV,2015,7,18841,50381,0.373970345963756,35.2552412292341,0.0255653835179695,0.384019154188738,0,0.590415462293292
WN,2015,2,33716,90172,0.373907643170829,27.0986178668881,0.0603023272674545,0.234651634887262,0.000601754513158849,0.704444283332125
US,2013,2,11652,31177,0.373737049748212,23.0457432200481,0.047799950695634,0.580963457879533,0.00388113855158943,0.367355452873244
WN,2012,10,35881,96036,0.373620309050773,22.5994258799922,0.0440147482237919,0.224810986598173,0.00417797294778052,0.726996292230255
OO,2014,9,18354,49135,0.373542281469421,28.3370382477934,0.0271062734674936,0.357516528950525,0.00148866026603022,0.613888537315952
US,2014,11,12387,33177,0.373361063387286,22.9857108258658,0.0151735226758365,0.549719296586295,0.00309415555900852,0.43201302517886
EV,2014,4,21492,57584,0.373228674631842,41.3749302065885,0.0223782840298332,0.386295670708068,0.00086076891941051,0.590465276342689
EV,2012,6,24341,65243,0.373082169734684,41.2345425413911,0.0366756743943488,0.291597528405948,0.000290775770792838,0.67143602142891
MQ,2011,1,13689,36832,0.371660512597741,31.5009861932939,0.111625615049603,0.420284498938383,7.60886106219701E-05,0.468013797401393
AA,2013,1,16667,44848,0.371633071708883,28.8157436851263,0.0824261497746942,0.337994420999928,0.00399828338459338,0.575581145840784
US,2012,12,12166,32746,0.37152629328773,23.5578661844485,0.0245651315989193,0.56689839409854,0.00647217752952248,0.402064296773018
EV,2011,8,10802,29124,0.370896854827634,41.3102203295686,0.0545695914035761,0.2205418190647,0.00141759541356976,0.723470994118154
US,2011,2,11750,31718,0.370452109212435,24.2802553191489,0.0548533060867027,0.565394832871114,0.0046883666618012,0.375063494380382
AS,2013,6,5179,13998,0.369981425917988,18.6315891098668,0.0307049488250853,0.484321692797179,0.00371832713612144,0.481255031241615
US,2014,3,13476,36447,0.369742365626801,24.865464529534,0.0413483958019297,0.511164179778579,0.00514314426209147,0.442344280157399
EV,2015,5,18194,49213,0.369699063255644,39.0978344509179,0.0485300443925918,0.36585937165676,0,0.585610583950648
EV,2013,8,24483,66234,0.369643989491802,38.3831638279623,0.0368915553543129,0.338238623500113,0.000661405608202076,0.624208415537372
B6,2014,6,7845,21224,0.369628722201282,34.4215423836839,0.0605443257782973,0.443280482130089,0.00255932992089344,0.49361586217072
OO,2012,8,20583,55686,0.369626117875229,25.9510275470048,0.0172367987894679,0.276184398228095,0.00091829485928142,0.705660508123156
AA,2012,3,17001,46109,0.368713266390509,31.5006176107288,0.0819664363745125,0.342441373224317,0.000755137153636356,0.574837053247534
WN,2015,8,39855,108179,0.368417160447037,32.6518128214779,0.0823586697298951,0.200833725951147,0.00125921032819611,0.715548393990762
AA,2011,10,16379,44463,0.368373703978589,25.3660785151719,0.0710770359076302,0.43372383645189,0.000945699479865286,0.494253428160615
OO,2014,4,18724,50853,0.368198533026567,29.1918927579577,0.0271447894782283,0.283656142976372,0.000748266037355743,0.688450801508044
OO,2011,5,17871,48550,0.368094747682801,27.2858821554474,0.0475891333564881,0.34778997598949,0.00345811751559173,0.60116277313843
AA,2011,12,15769,42885,0.367704325521744,25.6514046547023,0.0754745515227368,0.419435753024614,0.000156445556946183,0.504933249895703
US,2011,3,13211,35961,0.367370206612719,23.000075694497,0.0236576439796508,0.579742575827961,0.00565947948651129,0.390940300705877
US,2013,1,12328,33567,0.367265469061876,23.2355613238157,0.0411542100283822,0.571121404612417,0.00551057268181204,0.382213812677389
DL,2014,6,25523,69621,0.366599158299938,32.7142969086706,0.0874175436443408,0.445030118941695,0.000274087482997372,0.467278249930967
OO,2012,3,19686,53806,0.365869977325949,30.2747129940059,0.0231230018005616,0.323335478046615,0.000798032849027148,0.652743487303796
OO,2013,4,19416,53069,0.365863310030338,30.150803461063,0.0302268653555753,0.344470298764455,0.00152520880234554,0.623777627077624
B6,2014,12,8037,21971,0.365800373219244,28.5837999253453,0.00807029747244245,0.486311724999468,0.00600481236735824,0.499613165160732
OO,2015,5,18239,49864,0.365774907749078,28.9340424365371,0.0500962157281497,0.319970927161012,0.00226371114149315,0.627669145969345
DL,2011,2,19694,53844,0.365760344699502,29.4501878744795,0.0722477910591403,0.443388233349177,0.00028930999566035,0.484074665596023
UA,2011,10,9182,25121,0.365510927112774,26.2850141581355,0.0270006810260793,0.469894641259498,8.67974414784943E-05,0.503017880272945
EV,2015,4,18016,49296,0.365465757870821,31.6170071047957,0.0317210175595192,0.408679727296511,0,0.55959925514397
DL,2014,3,24493,67093,0.365060438495819,25.1889927734455,0.0801322801643157,0.414510106217902,0.000393770418497866,0.504963843199285
WN,2015,3,39855,109245,0.36482218865852,28.0035880065237,0.0429866775815908,0.195080342292837,0.00279185840329525,0.759141121722277
DL,2014,2,19713,54101,0.364374041145265,31.0155734794298,0.175687397514199,0.402825637491385,0.000626797214762708,0.420860167779653
US,2014,10,12978,35634,0.364202727731941,22.9934504546155,0.0299676873365133,0.580858593629789,0.0030897061086321,0.386084012925065
WN,2015,4,38734,106407,0.36401740486998,26.7289977797284,0.0580775366943204,0.204755902999362,0.000585513720485003,0.736581046585833
MQ,2013,3,13394,36854,0.363434091279101,34.615051515604,0.147036263831547,0.351879889814512,2.33443830079571E-05,0.501060501970933
UA,2014,11,14461,39798,0.36335996783758,32.1021367816887,0.0612766991331938,0.374899063163235,0,0.563824237703571
UA,2015,4,15015,41342,0.363189976295293,35.8546120546121,0.0540683106949756,0.344703114984865,0,0.601228574320159
EV,2013,10,23143,63746,0.363050230602704,32.8227541805297,0.0155453253439385,0.375039421355931,0.000223217028387472,0.609192036271743
B6,2012,10,6742,18584,0.362785191562635,28.7091367546722,0.0169585457769896,0.445559003916353,0.00408261287223823,0.53339983743442
AS,2014,11,4743,13074,0.362781092244149,21.6010963525195,0.066293154217136,0.421904595158133,0.00272175975297245,0.509080490871759
MQ,2012,7,15108,41670,0.362562994960403,39.8649060100609,0.167104498068696,0.29677181542551,0.000314096440586452,0.535809590065207
UA,2013,8,16101,44444,0.362276122761228,34.6698962797342,0.0494168873850762,0.386166155894222,0.00100952671501671,0.563407430005685
AA,2015,4,16213,44770,0.362139825776189,37.6353543452785,0.119441122660698,0.325233291427754,0.00102975296149797,0.554295832950051
MQ,2011,3,13632,37664,0.361937128292268,30.4724178403756,0.0644694354748914,0.40542791984725,0.000164957296679822,0.529937687381179
UA,2011,9,8874,24651,0.359985396129974,27.0838404327248,0.0399105419644254,0.505164049866987,0,0.454925408168588
DL,2011,5,22615,62988,0.359036641900044,29.195533937652,0.0834792048659627,0.458929155780408,0.00141023576648781,0.456181403587141
US,2014,8,12503,34864,0.35862207434603,25.5625049988003,0.0674411338654245,0.484290055954782,0.0108841991649388,0.437384611014855
AA,2011,9,15613,43560,0.358425160697888,29.2825850252994,0.10616508640151,0.406509871526495,0.00067725649550548,0.486647785576489
AS,2013,9,4523,12631,0.358087245665426,18.8797258456776,0.051230871590153,0.456227330285665,0.00628849827227266,0.486253299851909
EV,2014,11,18455,51569,0.357870038201245,32.2854510972636,0.0196285317582757,0.408920857759951,0,0.571450610481774
B6,2014,11,7175,20050,0.35785536159601,28.54606271777,0.0337213138652529,0.497525569119103,0.00253197578510431,0.46622114123054
EV,2013,11,21011,58721,0.35781066398733,34.4802722383513,0.0316036774408101,0.370958087044209,0.00120364311230784,0.596234592402673
UA,2013,5,15382,42992,0.357787495347972,34.3761539461709,0.0376621338165837,0.488249311510966,0.000582183473409341,0.473506371199041
US,2014,5,12635,35325,0.357678697806086,27.78891966759,0.0640460201363042,0.48647435065907,0.00309827673947534,0.446381352465151
OO,2011,12,17260,48271,0.357564583290174,29.4219003476246,0.0446757550821888,0.287950638649236,0.00142236247903924,0.665951243789536
OO,2013,2,17064,47758,0.357301394530759,30.1542428504454,0.0436418624279083,0.316248183054344,0.00130995920663947,0.638799995311108
MQ,2012,8,15140,42418,0.356923947380829,33.8504623513871,0.126511117565431,0.313408848872108,0.000790654145286733,0.559289379417175
UA,2011,5,9276,25999,0.356782953190507,39.147369555843,0.0502288618791202,0.418287064115287,0.00103016146743294,0.530453912538159
MQ,2011,11,12718,35703,0.356216564434361,25.6369712218902,0.0754961173425367,0.52956185946674,0.000284096887560765,0.394657926303163
UA,2012,10,15824,44423,0.35621187222835,31.449570273003,0.0301767350784427,0.433780507840922,0.00347032453402092,0.532572432546615
DL,2012,7,23415,65800,0.355851063829787,38.4104633781764,0.0903196185767261,0.413611160162458,0.000395550061804697,0.495673671199011
AS,2013,4,4473,12571,0.35581894837324,20.1801922646993,0.0287855725323211,0.525866553630951,0.00587657270572821,0.439471301130999
UA,2015,8,16154,45413,0.355713121793319,38.500185712517,0.0722228181200615,0.325191666283589,0.00182344738817977,0.600762068208169
DL,2011,7,23765,66897,0.355247619474715,36.005806858826,0.0960773263013848,0.379646052728304,0.00039206003042235,0.523884560939889
OO,2015,3,17748,50078,0.354407124885179,29.3346855983773,0.0506256482687088,0.298886160073899,0.0020681545188861,0.648420037138506
DL,2015,2,21568,60884,0.3542474213258,37.7716988130564,0.210500529260547,0.341722869096225,0.00033066182771309,0.447445939815515
AA,2015,7,28772,81434,0.353316796424098,34.3253162797164,0.0617944709424093,0.340954125882482,0.00267192421692705,0.594579478958182
OO,2013,3,19656,55648,0.353220241518114,31.3109991859992,0.03828650890341,0.265879080985959,0.0011075423634954,0.694726867747136
AA,2011,3,16471,46705,0.352660314741462,30.2182016878149,0.0531104090992754,0.440261589142773,0.000642328308648143,0.505985673449303
EV,2011,9,9094,25791,0.352603621418324,33.7521442709479,0.0523040254237288,0.249873603620955,0.000957001155624037,0.696865369799692
US,2012,7,12171,34542,0.352353656418273,28.0521731985868,0.0898938955751294,0.553752813017489,0.00426493553059289,0.352088355876789
AA,2013,8,16523,46924,0.352122581195124,30.6212552199964,0.0783145315331494,0.319386805544218,0.00109382397596852,0.601204838946664
OO,2013,9,17412,49585,0.351154583039226,29.5474385481277,0.0272607985432343,0.324835533656464,0.000862871815928614,0.647040795984373
B6,2012,6,6759,19253,0.351062172129019,46.915372096464,0.0828478777278268,0.303825341987212,0.004293210367308,0.609033569917653
MQ,2015,4,9012,25695,0.350729713952131,36.5225255215269,0.179471043830312,0.370616968843513,0.00389016018306636,0.446021827143109
AS,2014,10,4698,13398,0.350649350649351,18.6628352490421,0.0390054231044715,0.513660083904635,0.00970019441317917,0.437634298577714
OO,2013,5,18886,53908,0.350337612228241,29.8555014296304,0.0304672912132844,0.325665456463312,0.00450696421864637,0.639360288104758
AA,2015,5,15660,44710,0.35025721315142,39.600319284802,0.157079230296536,0.307678244044143,0.00112743579456292,0.534115089864759
B6,2014,5,7416,21186,0.350042480883602,36.5424757281553,0.0375724502592957,0.434181834615689,0.00397134754657718,0.524274367578438
AS,2013,3,4442,12698,0.349818869113246,21.644079243584,0.0220429435807736,0.453924000928124,0.0377853534902815,0.486247702000821
WN,2013,1,31192,89169,0.349807668584374,20.3875673249551,0.0511071126524728,0.268082461587363,0.00494667355360174,0.675863752206563
UA,2014,9,14066,40219,0.349735199781198,32.3170766387033,0.0452671451489201,0.465977634359625,0.00015741016735715,0.488597810324097
AS,2014,9,4647,13297,0.349477325712567,20.7927695287282,0.0462957754401755,0.43762539611108,0.00481896082953629,0.511259867619208
AS,2011,3,4185,11976,0.349448897795591,31.7235364396655,0.0698093033957259,0.339504919674638,0.0028015753786187,0.587884201551017
US,2011,1,12114,34671,0.3493986328632,25.6104507181773,0.0630895124828518,0.550601322749911,0.0044678840805607,0.381841280686677
B6,2012,1,6208,17857,0.34765078120625,31.1905605670103,0.00923661554406029,0.391856141531133,0.00152731438130131,0.597379928543506
AS,2015,7,5499,15821,0.347576006573541,22.1809419894526,0.0333398032160294,0.42502650163489,0.00919718709407707,0.532436508055004
AA,2013,11,15009,43203,0.34740643010902,27.6977813312013,0.0377954902720917,0.302001814796986,0.0155876576764634,0.644615037254459
WN,2011,9,32294,93019,0.347176383319537,24.7630519601164,0.0617375153024611,0.188940781874211,0.00395657363026184,0.745365129193066
AA,2014,4,15126,43570,0.347165480835437,31.5179161708317,0.0580998522441081,0.372561416500456,0.000530943157644708,0.568807788097791
EV,2015,8,16821,48554,0.346439016352927,34.9842458831223,0.0345578068723008,0.373103118652169,0,0.59233907447553
OO,2011,11,15734,45418,0.34642652692765,30.4691750349561,0.0200458040527008,0.335701907921663,0.000719860904296234,0.64353242712134
US,2014,4,11987,34602,0.346425062135137,24.7844331358972,0.018889882520121,0.510529088214036,0.00691526503411694,0.463665764231726
OO,2012,9,17344,50086,0.346284390847742,27.1964944649446,0.0200553445844288,0.27291287782416,0.000251280746555098,0.706780496844856
DL,2014,5,23530,68036,0.345846316655888,28.1691032724182,0.066066305614354,0.484429262900593,0.00421354316531391,0.445290888319739
MQ,2012,10,14281,41344,0.345418924148607,29.1143477347525,0.0569304283471439,0.408583198935656,0.000175394316368568,0.534310978400832
AS,2011,2,3586,10391,0.345106342026754,24.7250418293363,0.0644871194379391,0.455213114754098,0.00234192037470726,0.477957845433255
US,2012,8,11638,33778,0.344543785896145,25.6949647705791,0.0859580234708669,0.51052745580468,0.00349896974779648,0.400015550976657
WN,2011,7,35271,102374,0.344530837908063,27.8024439341102,0.0757974786598905,0.185378324369665,0.00167914590220556,0.737145051068239
EV,2012,5,21042,61101,0.344380615701871,40.9450622564395,0.0968522327464165,0.225223951623662,0.000232961457821034,0.677690854172101
AA,2013,3,15686,45602,0.343976141397307,31.2563432360066,0.0744330125736072,0.328790687957801,0.000767081434670775,0.596009218033921
B6,2013,5,6967,20262,0.343845622347251,36.8086694416535,0.0360374984781462,0.483717613501307,0.00338576240528272,0.476859125615264
OO,2015,4,16959,49329,0.343793711609804,29.3876407807064,0.0379190580419134,0.313065902771474,0.00129781489662871,0.647717224289984
UA,2011,8,9855,28694,0.343451592667457,38.2416032470827,0.0580319434846042,0.358454273208938,0.000234201028948783,0.583279582277509
EV,2012,2,18807,54823,0.343049450048337,37.754718987611,0.0970408084278655,0.212519445366946,0.0051063596025779,0.68533338660261
UA,2014,4,13547,39498,0.342979391361588,29.7622351812209,0.0307231143246029,0.480574809406544,0,0.488702076268853
AA,2011,1,15812,46151,0.342614461225109,28.9793827472805,0.11596111882563,0.392806982741519,0.000202340805395755,0.491029557627455
EV,2012,10,22189,64906,0.341863618155486,37.3085763216008,0.0179714266005472,0.337182209073281,0.000321910616152248,0.64452445371002
MQ,2015,5,8690,25431,0.341708937910424,38.5915995397008,0.218599255599798,0.322443531735545,0.00305463861654432,0.455902574048113
UA,2013,2,13024,38116,0.341693776891594,29.0472972972973,0.0754576034442367,0.409498172238356,0.000605570363298016,0.514438653954109
WN,2011,8,34071,100374,0.339440492557834,27.2065392856095,0.0726208435246618,0.195033954821292,0.0032042675831946,0.729140934070852
OO,2013,10,17390,51241,0.339376671025156,26.1860264519839,0.0296517868139989,0.310741998486795,0.000496190593493217,0.659110024105713
WN,2012,5,33527,98987,0.338701041550911,24.5753571748143,0.0540506040383621,0.186654445693048,0.00513113481366154,0.754163815454928
UA,2012,9,14494,42806,0.338597392888847,30.5841727611425,0.0256534876536233,0.472236664632171,0.00302537091876333,0.499084476795443
WN,2012,11,30516,90231,0.338198623532932,23.1864595621969,0.0501978799608579,0.179955073295123,0.00331165732300469,0.766535389421014
AA,2015,8,26902,79748,0.33733761348247,35.0069883280054,0.0792135172804887,0.366321320796057,0.00467294021471958,0.549792221708735
B6,2015,6,7605,22558,0.337130951325472,42.5839579224195,0.0465936659891155,0.450449150875352,0.00171354883832754,0.501243634297205
MQ,2011,9,12322,36552,0.337108776537536,24.860818049018,0.0987877991209972,0.480108132204765,8.00132593401192E-05,0.421024055414897
AS,2012,1,3841,11394,0.337107249429524,32.7003384535277,0.180116438436398,0.356250073213303,0.00196797357292631,0.461665514777373
US,2011,10,11502,34121,0.337094457958442,21.3785428621109,0.0231552405315663,0.603663497694738,0.00372360309909329,0.369457658674603
UA,2013,1,13615,40419,0.336846532571315,28.1834741094381,0.0586400636083693,0.438405749353154,0.00121242471765,0.501741762320827
MQ,2013,11,11381,33794,0.336775759010475,26.4588349002724,0.0897503667903685,0.422067834642271,0.00381893501337706,0.484362863553983
UA,2013,3,14832,44062,0.336616585720122,31.9219929881338,0.042922936490374,0.407366812347865,0.00140379508740872,0.548306456074353
AS,2015,1,4462,13257,0.336576902768349,25.8807709547288,0.102955422955423,0.327441207441207,0.00146016146016146,0.568143208143208
AS,2011,12,3874,11530,0.335993061578491,20.8887454827052,0.0645956820836759,0.472007095573919,0.00324492709730455,0.4601522952451
WN,2012,3,33104,98554,0.335897071656148,23.2143849685839,0.0638959667361453,0.217794960191134,0.00267252834060676,0.715636544732114
US,2014,9,11078,33030,0.335392067817136,23.8456400072215,0.0619828515538548,0.561358168357476,0.0146211564135331,0.362037823675136
DL,2014,4,21973,65645,0.334724655343134,25.9303235789378,0.0823070537141603,0.431747545505067,0.000243562739703471,0.485701838041069
UA,2012,1,13961,41728,0.334571510736196,30.327340448392,0.0720972795468924,0.444551562076341,0.000131804898623204,0.483219353478143
UA,2012,2,13653,40837,0.334329162279306,25.8164505969384,0.0251405216882424,0.454638985506562,0.00245883457848213,0.517761658226713
UA,2011,11,7683,22982,0.334305108345662,28.0179617336978,0.00627705474356885,0.487591127106816,0.000198371933205336,0.50593344621641
WN,2013,2,27779,83115,0.334223666004933,19.8077324597718,0.0642355734489522,0.252396897904408,0.0037872922473418,0.679580236399298
UA,2011,4,8430,25243,0.333953967436517,33.9227758007117,0.028148714203493,0.434704172490678,0.000266010185771841,0.536881103120058
B6,2015,4,7346,22020,0.333605812897366,36.3143207187585,0.0310847850270078,0.431643290480177,0.00199548149592302,0.535276442996892
DL,2015,6,25751,77255,0.33332470390266,36.8563162595627,0.138511759159299,0.386407272776965,0.000806264263361439,0.474274703800374
OO,2012,2,15483,46463,0.333232894991714,24.1893043983724,0.0402678334099817,0.345318611215419,0.00125309582174817,0.613160459552852
EV,2011,1,9026,27099,0.333075021218495,41.6692887214713,0.0813604012243242,0.180762990006269,0.0011109267249327,0.736765682044474
EV,2011,2,8234,24735,0.332888619365272,36.8036191401506,0.0855623381947448,0.233207352206167,0.00113439172455621,0.680095917874532
AS,2013,5,4347,13067,0.332670084946813,16.5875316310099,0.0473582310083049,0.554465786926173,0.00282773730065726,0.395348244764865
US,2015,5,11206,33761,0.331921447824413,25.30421202927,0.0471986523583728,0.513894434739206,0.00490391814324931,0.434002994759171
AS,2014,5,4382,13224,0.331367211131276,17.7450935645824,0.0340829561890543,0.469836233845005,0.00324266318294219,0.492838146782998
EV,2012,1,19079,57585,0.331318919857602,40.070863252791,0.103559561920078,0.232987340071135,0.000953666957824079,0.662499431050963
OO,2012,4,16651,50279,0.331172059905726,23.5438111825116,0.0312390580792125,0.311859331672509,0.00179095347143127,0.655110656776847
DL,2014,9,22168,67051,0.330614010231018,24.3980061349693,0.0679656960790506,0.505045932725576,0.00136850748468324,0.425619863710691
B6,2012,11,6227,18870,0.329994700582936,31.9686847599165,0.0687163993424268,0.321091216066113,0.00320789087839339,0.606984493713067
MQ,2011,10,12433,37685,0.329919065941356,24.3053969275316,0.124121020647542,0.425051722003808,0.000159144627100562,0.45066811272155
AA,2012,1,14387,43731,0.328988589330223,25.6067282963787,0.0920852734861324,0.460223439788078,0.00218284329049915,0.445508443435291
MQ,2015,7,8133,24750,0.328606060606061,37.1605803516538,0.114281473418598,0.349677163990797,0.00131113475001855,0.534730227840586
AS,2015,6,4952,15075,0.32849087893864,21.8311793214863,0.0642516752177327,0.328032281034892,0.00531322463437346,0.602402819113002
AS,2012,3,3961,12064,0.328332228116711,24.9661701590507,0.0265008562070857,0.460223777618913,0.00359108214600409,0.509684284027997
MQ,2011,12,11959,36449,0.32810227989794,27.9301781085375,0.116237485835473,0.401778752689961,0.000202721668347351,0.481781039806219
DL,2013,8,22729,69327,0.327852063409638,28.0420168067227,0.0540214150904625,0.435964959423873,0.000496334396605958,0.509517291089059
DL,2012,3,19807,60458,0.327615865559562,24.8083000959257,0.0467534597482116,0.409945018899753,0.000628690137765143,0.54267283121427
DL,2015,3,24280,74166,0.32737372920206,30.8018533772652,0.131214627987579,0.408923618389303,0.000324167280065906,0.459537586343052
OO,2011,9,15437,47162,0.327318603960816,24.1846861436808,0.0218225745937901,0.290846722490899,0.0013811756072019,0.685949527308109
B6,2011,12,6174,18902,0.326632102423024,30.5481049562682,0.0128322301308149,0.409440459375375,0.00206792773331118,0.575659382760499
AS,2011,11,3683,11293,0.326131231736474,25.145262014662,0.0816546375094258,0.420984595497145,0.00425508994936982,0.493105677044059
AS,2015,5,4779,14682,0.325500612995505,18.1738857501569,0.0254657862640367,0.476237540480296,0.008243260293561,0.490053412962106
AA,2012,4,14257,43817,0.325375995618139,31.2067756189942,0.163458608163823,0.259623299787375,0.000553455770827276,0.576364636277975
AS,2015,2,3967,12194,0.325323929801542,26.041088984119,0.055076962057389,0.351871793247609,0.00292962564135048,0.590121619053652
OO,2012,11,16061,49528,0.324281214666451,29.7007035676483,0.0304967322704646,0.277937685737248,0.00075696689905239,0.690808615093235
AS,2013,1,3894,12020,0.32396006655574,20.9219311761685,0.0649187058247218,0.48440598101192,0.00382560824838461,0.446849704914974
US,2012,5,11190,34661,0.322841233663195,23.231546023235,0.0368121853550787,0.593114569711425,0.00481749747606496,0.365255747457432
US,2012,10,10858,33774,0.321489903476047,19.871523300792,0.0226864859965558,0.596981781926947,0.00496691742952959,0.375364814646968
B6,2013,9,5964,18582,0.320955763642234,35.0352112676056,0.0366884274837569,0.411124377800865,0.00697793422134007,0.545209260494038
DL,2012,8,21457,66873,0.320861932319471,32.251619518106,0.0435268911280902,0.431915908989228,0.000191387084105924,0.524365812798576
WN,2012,9,28840,89927,0.320704571485761,22.7778779472954,0.0670451843472371,0.234452794570097,0.00412622700012729,0.694375794082539
AS,2013,12,4022,12554,0.32037597578461,23.7235206364993,0.113252636500597,0.402116127244705,0.0040521585536911,0.480579077701006
OO,2012,5,16204,50702,0.319592915466845,26.1411997037768,0.0259317345182862,0.324449817392378,0.00127789031925476,0.648340557770081
US,2012,1,10907,34256,0.318396777206913,22.783625194829,0.0244850369218811,0.587075575027382,0.0065646751227785,0.381874712927958
US,2013,10,11206,35232,0.318063124432334,19.1277886846332,0.00965892239248641,0.577478991596639,0.00483440434997528,0.4080276816609
AA,2012,2,13290,41841,0.317631031763103,23.8915726109857,0.0484752512294206,0.426274855676716,0.00107574299764807,0.524174150096215
B6,2012,2,5503,17348,0.317212358773346,26.788297292386,0.00328784925276153,0.443352826510721,0.00197530864197531,0.551384015594542
MQ,2012,3,12231,38667,0.316316238653115,32.4543373395471,0.154385979371247,0.356672202282102,0.00147112757601856,0.487470690770632
EV,2012,4,18672,59089,0.315997901470663,33.7602292202228,0.0672598260827716,0.229386055941069,0.00120015520804194,0.702153962768117
EV,2011,11,7947,25156,0.315908729527747,35.4323644142444,0.0501181479363723,0.203428012427923,0.00186005497495815,0.744593784660747
AS,2015,3,4506,14276,0.315634631549454,25.9238792720817,0.0377786005183265,0.372958163643095,0.00481303221029248,0.584450203628286
AA,2013,9,13606,43110,0.315611227093482,32.3046450095546,0.0768362955394077,0.314953601179058,0.000315276474677221,0.607894826806857
EV,2012,9,19071,60474,0.315358666534378,38.0637092968381,0.0245832124935186,0.371241881761537,0.000531695184862946,0.603643210560082
B6,2013,11,6177,19599,0.315169141282719,25.3511413307431,0.0142189027766325,0.467810147607997,0.00494775407306184,0.513023195542309
OO,2012,1,15341,48720,0.314880952380952,31.0362427481911,0.0373716422268851,0.354106395084548,0.00084292410371579,0.607679038584851
US,2013,11,10545,33557,0.314241439938016,22.3951635846373,0.0086914328520839,0.49301110051757,0.0103173522201035,0.487980114410242
AS,2014,3,4060,12932,0.313949891741417,21.4118226600985,0.0476006358207673,0.385294496713494,0.00803368131632083,0.559071186149418
B6,2014,10,6313,20113,0.313876597225675,29.3825439569143,0.0375883643454944,0.555830015438368,0.00294954091167628,0.403632079304461
MQ,2012,2,11321,36183,0.312881740043667,25.4909460295027,0.156939085906899,0.396496544110307,0.00125668716123766,0.445307682821556
US,2012,6,10531,33661,0.312854638899617,23.9407463678663,0.059267210737339,0.521952398555464,0.0107131685955583,0.408067222111639
UA,2011,2,7502,24080,0.311544850498339,31.6696880831778,0.0538284761856659,0.457346330622759,0,0.488825193191575
MQ,2013,9,11096,35621,0.311501642289661,30.0886806056236,0.114465971465049,0.326726122247384,0.000465952826935801,0.558341953460632
DL,2013,3,19895,63929,0.311204617622675,30.1166624780096,0.136892454178792,0.409653086230663,0.000258462245366825,0.453195997345178
B6,2012,9,5647,18147,0.311180911445418,36.3035239950416,0.0243796686494957,0.470561835359267,0.000882384263133073,0.504176111728104
UA,2013,10,13437,43246,0.310710817185404,27.9295973803676,0.021001397696273,0.457073646459244,0.00121343406334126,0.520711521781141
DL,2014,10,21935,70676,0.310359952459109,23.9658080692956,0.0446438002154732,0.483195200439396,0.000387288487673664,0.471773710857457
EV,2011,12,7830,25237,0.310258747077703,38.548275862069,0.0465543869971317,0.218694074673335,0.00171606481821971,0.733035473511314
MQ,2012,6,12677,40882,0.310087569101316,32.4668296915674,0.131416680496866,0.314885975326925,0.00072768125007979,0.55296966292613
B6,2013,10,5981,19382,0.308585285316273,24.1999665607758,0.0130522832234324,0.511187671334371,0.00416141858684646,0.471598626855351
UA,2013,11,12544,40657,0.308532356051848,28.8693399234694,0.0448450239405218,0.400610912057402,0.0148788141446072,0.539665249857469
OO,2011,10,14880,48394,0.307476133404968,24.922311827957,0.0228562605371659,0.292904001201863,0.00136461515348791,0.682875123107483
DL,2012,12,17637,57422,0.307147086482533,27.9724442932472,0.0591340844636365,0.4452079672154,0.000513635179607216,0.495144313141356
WN,2011,12,28897,94143,0.30694794089842,21.4550299339032,0.0497728019270776,0.21327876929815,0.00400470820102924,0.732943720573744
UA,2011,12,7363,23989,0.306932343990996,29.0660057041967,0.0324275187437655,0.398743443704347,0,0.568829037551887
US,2012,3,10975,35778,0.30675275308849,20.1169020501139,0.0205697417477882,0.566593579100938,0.00656934929315508,0.406267329858119
DL,2013,5,19598,64087,0.305803048980292,28.4715277069089,0.0534671817962303,0.457991846938341,0.000529096771444399,0.488011874493985
DL,2011,8,20200,66099,0.305602202756471,32.9736138613861,0.0794485949075935,0.408712428656261,0.000207451125811328,0.511631525310334
DL,2014,11,20466,66995,0.305485483991343,25.7884295905404,0.0737678039321918,0.479750923166854,0.00167168052011007,0.444809592380844
OO,2013,11,14546,47669,0.305145901948856,26.3403684861818,0.0223314606741573,0.304753335674157,0.00780811095505618,0.665107092696629
AS,2011,1,3470,11376,0.305028129395218,25.0204610951009,0.0549314108340843,0.450185240813057,0.00122158806448383,0.493661760288375
WN,2012,4,29463,96675,0.304763382467029,22.6213555985473,0.0463346310761388,0.171971499043841,0.00530071691373166,0.776393152966289
US,2012,11,10038,32963,0.304523253344659,17.9458059374377,0.0107728953951857,0.551261027255425,0.00627221909675257,0.431693858252636
AS,2013,10,3839,12638,0.303766418737142,18.4894503777025,0.065332036250064,0.430315908043623,0.00473606062157596,0.499615995084737
US,2011,11,10120,33326,0.303666806697473,20.8199604743083,0.023777938391444,0.549381078286964,0.00637676916461579,0.420464214156976
DL,2015,7,24497,80741,0.303402236781809,32.5301057272319,0.0956827250481708,0.399097054699065,0.000977504394434944,0.504242715858329
DL,2015,4,21867,72170,0.302992933351808,27.9658389353821,0.109581133061502,0.427116058895378,0.000717050612835206,0.462585757430285
DL,2012,10,19360,63906,0.302944950395894,23.099173553719,0.0321305125549742,0.436879928628748,0.000502109307402974,0.530487449508874
DL,2012,6,19147,63243,0.30275287383584,30.7004752702773,0.0687887263878785,0.396915686225322,0.000203823094097283,0.534091764292702
MQ,2012,1,11155,36939,0.301984352581283,31.318691169879,0.193284439577012,0.392682094831146,0.000350096051993752,0.413683369539848
DL,2014,8,21976,72891,0.301491267783403,33.8276301419731,0.141616594058347,0.408638648683453,0.000806669112591084,0.448938088145609
WN,2011,10,29249,97171,0.301005444011073,22.7561967930528,0.0505713081811529,0.189203174783095,0.00380954258383581,0.756415974451916
AS,2014,2,3407,11332,0.300653018002118,25.8197828001174,0.0730499815663349,0.478327276557645,0.00572321412896543,0.442899527747055
MQ,2012,5,12518,41684,0.300307072257941,31.7678542898227,0.167136563542327,0.397620032405809,0.00110422603620799,0.434139178015656
B6,2011,11,5281,17592,0.300193269668031,26.8795682635864,0.00826188425873925,0.461829345913363,0.00152258289964681,0.528386186928251
US,2011,12,10094,33663,0.299854439592431,20.4504656231425,0.0173660643525123,0.556625455698209,0.00613211285465208,0.419876367094627
AS,2012,6,3995,13326,0.29978988443644,21.8365456821026,0.033580681675261,0.375717939043307,0.00431811512178762,0.586383264159644
B6,2012,5,5602,18691,0.299716441067894,34.111388789718,0.04289571466055,0.451496864076109,0.00330943654938339,0.502297984713958
DL,2013,4,18517,62291,0.297266057696939,31.1674677323541,0.0822248489187074,0.481126075881932,0.00084239266152796,0.435806682537833
DL,2012,5,18128,61208,0.296170435237224,27.0775044130627,0.0513244847983361,0.440712206431029,0.00160272537859728,0.506360583392038
AS,2012,11,3484,11767,0.296082263958528,23.7761194029851,0.0352676503672335,0.361300425682084,0.0032422417786012,0.600189682172081
MQ,2012,9,11501,38870,0.29588371494726,28.2114598730545,0.0784447362734179,0.380698283934815,0.00227183314770794,0.538585146644059
AS,2014,4,3739,12672,0.295059974747475,19.606846750468,0.0182321660499424,0.479108976401108,0.00438650231577916,0.498272355233171
EV,2011,10,7984,27072,0.294917257683215,33.3557114228457,0.0406852404691868,0.211630402253965,0.000985379882192361,0.746698977394656
DL,2013,2,15427,52862,0.291835344860202,26.7361768328256,0.0809712667763797,0.487943494393393,0.000398646645746236,0.430686592184481
EV,2013,9,17828,61327,0.290703931384219,34.5295602423155,0.0343569597937462,0.391653036996275,0.000657281301111264,0.573332721908867
DL,2015,8,23478,80947,0.29004163217908,32.519166879632,0.119973933622198,0.385306794407161,0.000525900604785695,0.494193371365855
US,2012,9,9125,31495,0.289728528337831,23.3881643835616,0.0526892805131478,0.610148413594489,0.00444258995631044,0.332719715936053
MQ,2015,8,6909,23881,0.289309492902307,37.887537993921,0.0918950635978195,0.339497526751464,0.00178553401978599,0.566821875630931
UA,2011,3,7936,27481,0.288781339834795,32.8645413306452,0.0228297966258626,0.40758804086862,0,0.569582162505518
DL,2011,9,17048,59177,0.288084897848826,23.9131276396058,0.0426844210185635,0.496936911944887,0.000822988186883048,0.459555678849666
DL,2012,1,15879,55421,0.286515941610581,26.356760501291,0.0686493536681431,0.459982523427647,0.000456284893956808,0.470911838010253
B6,2014,9,5462,19079,0.286283348183867,26.0741486634932,0.0381951517620697,0.554073017813087,0.0042778569973518,0.403453973427491
UA,2013,9,11644,40682,0.286219949854973,35.7826348333906,0.0604793081881514,0.448625667463224,0.000755584638132802,0.490139439710492
DL,2013,11,17531,61332,0.285837735602948,24.9810050767212,0.057875045684498,0.431256852674707,0.0261171061996268,0.484750995441168
AS,2015,4,3986,13974,0.285244024617146,21.0915704967386,0.0560462275674152,0.390585361270319,0.00683547871840646,0.54653293244386
US,2013,9,9227,32512,0.283802903543307,22.0756475560854,0.0397184609449249,0.581982253253413,0.00611632305477402,0.372182962746888
MQ,2012,11,10597,37363,0.283622835425421,29.921204114372,0.124222363792483,0.297177519873695,0.00029914411544747,0.578300972218375
DL,2014,7,20549,72714,0.282600324559232,32.0853082875079,0.109235082143026,0.446861950261307,0.000197265511042701,0.443705702084624
AS,2012,7,3888,13851,0.280701754385965,23.7111625514403,0.106038691014283,0.362339540770204,0.00790092207557404,0.523720846139939
WN,2011,11,25502,91367,0.27911609224337,20.9439651792016,0.0506407766990291,0.198514563106796,0.00499029126213592,0.745854368932039
AS,2011,4,3258,11754,0.277182235834609,20.4898710865562,0.0295719168163123,0.491571569252158,0.00799397555465446,0.470862538376875
DL,2013,1,15762,57182,0.27564618236508,28.4490546884913,0.136496557327792,0.453912204452833,0.00101989428647603,0.408571343932899
B6,2012,4,5269,19134,0.275373680359569,28.0311254507497,0.0190257365818121,0.355562716281155,0.00267593202292055,0.622735615114112
MQ,2012,4,11098,40316,0.275275324933029,28.9576500270319,0.180520980784563,0.28253146982097,8.1352402336441E-05,0.536866196992131
DL,2011,11,15964,58100,0.274767641996558,22.2047105988474,0.0240153160617121,0.500576591504512,0.000615777334915695,0.47479231509886
US,2012,2,8977,32725,0.274316271963331,19.9568898295644,0.0177581177677341,0.551281640328664,0.00990479853832099,0.421055443365281
DL,2015,1,17589,64421,0.273032085810528,29.4162260503724,0.146746397398111,0.424140536054393,0.00206420310056074,0.427048863446935
B6,2015,5,6158,22565,0.272900509638821,37.09759662228,0.0529546676466785,0.473624750743516,0.00360018239109278,0.469820399218713
EV,2012,11,16462,60556,0.271847546073056,35.1227068399951,0.0470805315945573,0.317694536892391,0.000384885326812923,0.634840046186239
AS,2012,10,3262,12066,0.270346427979446,32.4218270999387,0.0401715228936414,0.29993182144395,0.01363571120999,0.646260944452419
AS,2013,11,3340,12365,0.270117266477962,23.6347305389222,0.0585065274151436,0.376563968668407,0.0151227154046997,0.549806788511749
UA,2012,11,11058,41354,0.267398558785124,30.9840839211431,0.0155027290063786,0.391491856820324,0.00243856995681813,0.590566844216479
DL,2011,12,15325,57406,0.266958157683866,25.2229037520392,0.0319935627826156,0.463914065122524,0.000301127500345556,0.503791244594515
AS,2012,4,3172,11899,0.266577023279267,19.2421185372005,0.0205956202523599,0.459778152115183,0.00543495534437276,0.514191272288084
AS,2014,1,3305,12403,0.266467790050794,24.0874432677761,0.0846872722596133,0.38016032923222,0.000728769237364428,0.534423629270802
AS,2012,8,3640,13736,0.264997087944089,23.2453296703297,0.0813701245173327,0.337932231333247,0.0120178749620374,0.568679769187383
DL,2013,9,16457,62191,0.264620282677558,23.2584310627696,0.0408110019828616,0.512140678811211,0.000631964656361971,0.446416354549566
UA,2011,1,6913,26174,0.264117062734011,30.3570085346449,0.0478956652333152,0.476059251492976,0.00994608992568769,0.466098993348021
AS,2012,2,2844,10783,0.263748492998238,20.8533755274262,0.0376599751061181,0.46143044074937,0.00561708103277694,0.495292503111735
DL,2011,10,16079,61212,0.262677252826243,21.9404813732197,0.0334453036611964,0.499591774846332,0.00111387149072163,0.46584905000175
DL,2015,5,19588,74815,0.261819153912985,35.559985705534,0.124536265689215,0.402692929517321,0.000552902119046738,0.472217902674417
AS,2011,10,3090,11933,0.258945780608397,18.6970873786408,0.0322839592349574,0.523349155381823,0.0166131509144213,0.427753734468798
DL,2014,12,17013,66522,0.255749977451069,25.6980544289661,0.0856353591160221,0.503490401396161,0.000154271884913174,0.410719967602904
AS,2011,5,3102,12137,0.255582104309137,20.7359767891683,0.0276651773826079,0.510696215640441,0.00414237950113915,0.457496227475811
AS,2011,7,3399,13331,0.254969619683445,21.309208590762,0.0255707512264642,0.385973086304711,0.00359031983994299,0.584865842628882
US,2012,4,8594,33884,0.253630031873451,18.3130090760996,0.0186221249222952,0.56369091056515,0.0046893159274575,0.412997648585097
DL,2013,10,16586,65444,0.253438053908685,20.2974195104305,0.0317297053002322,0.497631181136721,0.00454283354372185,0.466096280019325
WN,2012,2,21989,87240,0.252051811095828,20.8733002865069,0.0518328237778548,0.227050304157342,0.00381772622687301,0.71729914583793
AS,2013,2,2746,10895,0.252042221202386,21.0353241077932,0.0556822895064289,0.431598230333195,0.0155882759574174,0.497131204202959
DL,2012,2,13029,52049,0.250321812138562,23.5077135620539,0.0522660918442522,0.440353079210893,0.00240115692106197,0.504979672023793
WN,2012,1,22731,90974,0.249862598104953,25.6568122827856,0.0810560294010033,0.249607688492467,0.00217092585515778,0.667165356251372
DL,2012,11,14799,60073,0.246350273833503,22.4558416109197,0.0465828018592585,0.410523186682521,0.00148632580261593,0.541407685655605
AS,2011,8,3279,13314,0.246282109058134,20.0823421774931,0.0350964058950312,0.427040251645599,0.0149123317993825,0.522951010659987
AS,2011,6,3149,12855,0.244963049397122,18.7691330581137,0.0276560967636483,0.463779012749264,0.00470742072572736,0.50385746976136
DL,2012,9,14943,61038,0.244814705593237,26.1041290236231,0.0232795786391182,0.4796793020702,0.00038638304795217,0.49665473624273
DL,2012,4,14448,59388,0.243281471004243,22.3702242524917,0.0292171681163553,0.413710252388422,0.000442036218451447,0.556630543276772
AS,2012,9,2914,11986,0.243116969798098,23.566918325326,0.0814862598374403,0.370868275061282,0.00730228357631273,0.540343181524965
AS,2011,9,2789,11836,0.235637039540385,18.8705629257799,0.0591186087990487,0.427467300832342,0.0163867419738407,0.497027348394768
AS,2012,5,2910,12642,0.230185097294732,19.5982817869416,0.0321230409812129,0.427788052824556,0.00483467990525325,0.535254226288978